Channel,Region,Fresh,Milk,Grocery,Frozen,Detergents_Paper,Delicassen
2,3,12669,9656,7561,214,2674,1338
1,3,7057,9810,9568,1762,3293,1776
2,3,6353,8808,7684,2405,3516,7844
2,3,13265,1196,4221,6404,507,1788
1,1,22615,5410,7198,3915,1777,5185
2,3,9413,8259,5126,666,1795,1451
2,1,12126,3199,6975,480,3140,545
2,3,7579,4956,9426,1669,3321,2566
2,3,5963,3648,6192,425,1716,750
2,3,6006,11093,18881,1159,7425,2098
2,3,3366,5403,12974,4400,5977,1744
2,3,13146,1124,4523,1420,549,497
1,3,31714,12319,11757,287,3881,2931
1,1,21217,6208,14982,3095,6707,602
2,1,24653,9465,12091,294,5058,2168
2,2,10253,1114,3821,397,964,412
2,3,1020,8816,12121,134,4508,1080
2,3,5876,6157,2933,839,370,4478
2,3,18601,6327,10099,2205,2767,3181
1,3,7780,2495,9464,669,2518,501
2,3,17546,4519,4602,1066,2259,2124
1,3,5567,871,2010,3383,375,569
2,3,31276,1917,4469,9408,2381,4334
2,3,26373,36423,22019,5154,4337,16523
2,1,22647,9776,13792,2915,4482,5778
2,3,16165,4230,7595,201,4003,57
2,3,9898,961,2861,3151,242,833
1,3,14276,803,3045,485,100,518
1,3,4113,20484,25957,1158,8604,5206
2,3,43088,2100,2609,1200,1107,823
1,2,18815,3610,11107,1148,2134,2963
1,1,2612,4339,3133,2088,820,985
1,2,21632,1318,2886,266,918,405
2,3,29729,4786,7326,6130,361,1083
2,1,1502,1979,2262,425,483,395
1,1,688,5491,11091,833,4239,436
2,2,29955,4362,5428,1729,862,4626
2,1,15168,10556,12477,1920,6506,714
2,3,4591,15729,16709,33,6956,433
1,3,56159,555,902,10002,212,2916
1,3,24025,4332,4757,9510,1145,5864
1,3,19176,3065,5956,2033,2575,2802
1,3,10850,7555,14961,188,6899,46
2,3,630,11095,23998,787,9529,72
1,3,9670,7027,10471,541,4618,65
2,3,5181,22044,21531,1740,7353,4985
1,1,3103,14069,21955,1668,6792,1452
1,3,44466,54259,55571,7782,24171,6465
2,1,11519,6152,10868,584,5121,1476
1,3,4967,21412,28921,1798,13583,1163
1,3,6269,1095,1980,3860,609,2162
1,3,3347,4051,6996,239,1538,301
2,3,40721,3916,5876,532,2587,1278
1,3,491,10473,11532,744,5611,224
1,3,27329,1449,1947,2436,204,1333
1,1,5264,3683,5005,1057,2024,1130
1,1,4098,29892,26866,2616,17740,1340
2,3,5417,9933,10487,38,7572,1282
1,3,13779,1970,1648,596,227,436
2,3,6137,5360,8040,129,3084,1603
1,3,8590,3045,7854,96,4095,225
1,3,35942,38369,59598,3254,26701,2017
2,3,7823,6245,6544,4154,4074,964
1,3,9396,11601,15775,2896,7677,1295
2,3,4760,1227,3250,3724,1247,1145
2,3,85,20959,45828,36,24231,1423
2,2,9,1534,7417,175,3468,27
2,3,19913,6759,13462,1256,5141,834
2,3,2446,7260,3993,5870,788,3095
2,2,8352,2820,1293,779,656,144
1,3,16705,2037,3202,10643,116,1365
2,3,18291,1266,21042,5373,4173,14472
2,3,4420,5139,2661,8872,1321,181
1,3,19899,5332,8713,8132,764,648
2,3,8190,6343,9794,1285,1901,1780
2,2,20398,1137,3,4407,3,975
1,3,717,3587,6532,7530,529,894
2,3,12205,12697,28540,869,12034,1009
1,1,10766,1175,2067,2096,301,167
2,3,1640,3259,3655,868,1202,1653
2,3,7005,829,3009,430,610,529
1,3,219,9540,14403,283,7818,156
2,1,10362,9232,11009,737,3537,2342
1,3,20874,1563,1783,2320,550,772
1,3,11867,3327,4814,1178,3837,120
2,3,16117,46197,92780,1026,40827,2944
2,3,22925,73498,32114,987,20070,903
1,3,43265,5025,8117,6312,1579,14351
1,3,7864,542,4042,9735,165,46
2,1,24904,3836,5330,3443,454,3178
1,3,11405,596,1638,3347,69,360
1,3,12754,2762,2530,8693,627,1117
1,3,9198,27472,32034,3232,18906,5130
2,3,11314,3090,2062,35009,71,2698
1,3,5626,12220,11323,206,5038,244
1,3,3,2920,6252,440,223,709
2,3,23,2616,8118,145,3874,217
1,2,403,254,610,774,54,63
1,3,503,112,778,895,56,132
1,3,9658,2182,1909,5639,215,323
2,1,11594,7779,12144,3252,8035,3029
1,2,1420,10810,16267,1593,6766,1838
1,3,2932,6459,7677,2561,4573,1386
2,3,56082,3504,8906,18028,1480,2498
1,2,14100,2132,3445,1336,1491,548
1,3,15587,1014,3970,910,139,1378
2,2,1454,6337,10704,133,6830,1831
1,3,8797,10646,14886,2471,8969,1438
2,1,1531,8397,6981,247,2505,1236
1,3,1406,16729,28986,673,836,3
2,3,11818,1648,1694,2276,169,1647
2,3,12579,11114,17569,805,6457,1519
2,3,19046,2770,2469,8853,483,2708
1,3,14438,2295,1733,3220,585,1561
1,3,18044,1080,2000,2555,118,1266
2,3,11134,793,2988,2715,276,610
2,1,11173,2521,3355,1517,310,222
1,3,6990,3880,5380,1647,319,1160
2,3,20049,1891,2362,5343,411,933
2,3,8258,2344,2147,3896,266,635
2,3,17160,1200,3412,2417,174,1136
1,1,4020,3234,1498,2395,264,255
1,3,12212,201,245,1991,25,860
1,3,11170,10769,8814,2194,1976,143
1,1,36050,1642,2961,4787,500,1621
2,3,76237,3473,7102,16538,778,918
1,3,19219,1840,1658,8195,349,483
2,3,21465,7243,10685,880,2386,2749
1,2,140,8847,3823,142,1062,3
1,3,42312,926,1510,1718,410,1819
2,1,7149,2428,699,6316,395,911
1,2,2101,589,314,346,70,310
2,1,14903,2032,2479,576,955,328
1,3,9434,1042,1235,436,256,396
1,3,7388,1882,2174,720,47,537
2,2,6300,1289,2591,1170,199,326
1,3,4625,8579,7030,4575,2447,1542
2,3,3087,8080,8282,661,721,36
1,3,13537,4257,5034,155,249,3271
2,2,5387,4979,3343,825,637,929
2,2,17623,4280,7305,2279,960,2616
1,1,30379,13252,5189,321,51,1450
1,1,37036,7152,8253,2995,20,3
1,3,10405,1596,1096,8425,399,318
2,3,18827,3677,1988,118,516,201
2,3,22039,8384,34792,42,12591,4430
1,3,7769,1936,2177,926,73,520
2,3,9203,3373,2707,1286,1082,526
1,3,5924,584,542,4052,283,434
2,3,31812,1433,1651,800,113,1440
1,2,16225,1825,1765,853,170,1067
2,1,1289,3328,2022,531,255,1774
2,3,18840,1371,3135,3001,352,184
1,3,3463,9250,2368,779,302,1627
1,2,622,55,137,75,7,8
1,3,1989,10690,19460,233,11577,2153
1,2,3830,5291,14855,317,6694,3182
2,3,17773,1366,2474,3378,811,418
1,1,2861,6570,9618,930,4004,1682
2,3,355,7704,14682,398,8077,303
1,1,1725,3651,12822,824,4424,2157
1,2,12434,540,283,1092,3,2233
2,3,15177,2024,3810,2665,232,610
2,3,5531,15726,26870,2367,13726,446
1,3,5224,7603,8584,2540,3674,238
2,1,15615,12653,19858,4425,7108,2379
2,1,4822,6721,9170,993,4973,3637
2,3,2926,3195,3268,405,1680,693
2,1,5809,735,803,1393,79,429
1,1,5414,717,2155,2399,69,750
1,1,260,8675,13430,1116,7015,323
2,3,200,25862,19816,651,8773,6250
2,3,955,5479,6536,333,2840,707
2,3,514,7677,19805,937,9836,716
2,3,286,1208,5241,2515,153,1442
2,1,2343,7845,11874,52,4196,1697
1,3,45640,6958,6536,7368,1532,230
1,1,12759,7330,4533,1752,20,2631
2,3,11002,7075,4945,1152,120,395
2,3,3157,4888,2500,4477,273,2165
2,1,12356,6036,8887,402,1382,2794
2,2,112151,29627,18148,16745,4948,8550
1,3,694,8533,10518,443,6907,156
2,3,36847,43950,20170,36534,239,47943
1,3,327,918,4710,74,334,11
1,3,8170,6448,1139,2181,58,247
1,1,3009,521,854,3470,949,727
2,2,2438,8002,9819,6269,3459,3
2,3,8040,7639,11687,2758,6839,404
2,3,834,11577,11522,275,4027,1856
1,3,16936,6250,1981,7332,118,64
1,3,13624,295,1381,890,43,84
1,3,5509,1461,2251,547,187,409
1,3,180,3485,20292,959,5618,666
2,3,7107,1012,2974,806,355,1142
2,2,17023,5139,5230,7888,330,1755
2,3,30624,7209,4897,18711,763,2876
2,1,2427,7097,10391,1127,4314,1468
1,3,11686,2154,6824,3527,592,697
1,3,9670,2280,2112,520,402,347
1,1,3067,13240,23127,3941,9959,731
2,3,4484,14399,24708,3549,14235,1681
2,3,25203,11487,9490,5065,284,6854
2,3,583,685,2216,469,954,18
1,1,1956,891,5226,1383,5,1328
2,2,1107,11711,23596,955,9265,710
1,1,6373,780,950,878,288,285
2,3,2541,4737,6089,2946,5316,120
1,2,1537,3748,5838,1859,3381,806
1,3,5550,12729,16767,864,12420,797
2,3,18567,1895,1393,1801,244,2100
2,1,12119,28326,39694,4736,19410,2870
1,3,7291,1012,2062,1291,240,1775
2,3,3317,6602,6861,1329,3961,1215
1,3,2362,6551,11364,913,5957,791
1,3,2806,10765,15538,1374,5828,2388
2,3,2532,16599,36486,179,13308,674
2,3,18044,1475,2046,2532,130,1158
1,2,18,7504,15205,1285,4797,6372
1,1,4155,367,1390,2306,86,130
1,1,14755,899,1382,1765,56,749
1,3,5396,7503,10646,91,4167,239
1,3,5041,1115,2856,7496,256,375
1,1,2790,2527,5265,5612,788,1360
2,1,7274,659,1499,784,70,659
2,1,12680,3243,4157,660,761,786
2,3,20782,5921,9212,1759,2568,1553
1,3,4042,2204,1563,2286,263,689
2,3,1869,577,572,950,4762,203
1,3,8656,2746,2501,6845,694,980
2,1,11072,5989,5615,8321,955,2137
1,3,2344,10678,3828,1439,1566,490
1,2,25962,1780,3838,638,284,834
2,3,964,4984,3316,937,409,7
1,3,15603,2703,3833,4260,325,2563
2,3,1838,6380,2824,1218,1216,295
1,2,8635,820,3047,2312,415,225
1,2,18692,3838,593,4634,28,1215
1,3,7363,475,585,1112,72,216
1,2,47493,2567,3779,5243,828,2253
1,1,22096,3575,7041,11422,343,2564
1,3,24929,1801,2475,2216,412,1047
2,3,18226,659,2914,3752,586,578
2,1,11210,3576,5119,561,1682,2398
2,3,6202,7775,10817,1183,3143,1970
1,3,3062,6154,13916,230,8933,2784
2,3,8885,2428,1777,1777,430,610
2,3,13569,346,489,2077,44,659
1,2,15671,5279,2406,559,562,572
1,3,8040,3795,2070,6340,918,291
1,3,3191,1993,1799,1730,234,710
1,1,6134,23133,33586,6746,18594,5121
2,3,6623,1860,4740,7683,205,1693
1,2,29526,7961,16966,432,363,1391
1,3,10379,17972,4748,4686,1547,3265
2,1,31614,489,1495,3242,111,615
1,1,11092,5008,5249,453,392,373
2,3,8475,1931,1883,5004,3593,987
2,3,56083,4563,2124,6422,730,3321
1,2,53205,4959,7336,3012,967,818
2,3,9193,4885,2157,327,780,548
2,3,7858,1110,1094,6818,49,287
1,3,23257,1372,1677,982,429,655
2,3,2153,1115,6684,4324,2894,411
2,3,1073,9679,15445,61,5980,1265
2,3,5909,23527,13699,10155,830,3636
2,3,572,9763,22182,2221,4882,2563
1,3,20893,1222,2576,3975,737,3628
1,3,11908,8053,19847,1069,6374,698
1,2,15218,258,1138,2516,333,204
2,3,4720,1032,975,5500,197,56
1,3,2083,5007,1563,1120,147,1550
1,1,514,8323,6869,529,93,1040
2,1,36817,3045,1493,4802,210,1824
1,3,894,1703,1841,744,759,1153
2,2,680,1610,223,862,96,379
1,3,27901,3749,6964,4479,603,2503
1,2,9061,829,683,16919,621,139
2,1,11693,2317,2543,5845,274,1409
2,3,17360,6200,9694,1293,3620,1721
2,3,3366,2884,2431,977,167,1104
1,1,12238,7108,6235,1093,2328,2079
1,3,49063,3965,4252,5970,1041,1404
1,2,25767,3613,2013,10303,314,1384
1,3,68951,4411,12609,8692,751,2406
2,3,40254,640,3600,1042,436,18
2,3,7149,2247,1242,1619,1226,128
2,3,15354,2102,2828,8366,386,1027
1,3,16260,594,1296,848,445,258
1,1,42786,286,471,1388,32,22
2,3,2708,2160,2642,502,965,1522
2,2,6022,3354,3261,2507,212,686
1,3,2838,3086,4329,3838,825,1060
1,3,3996,11103,12469,902,5952,741
1,1,21273,2013,6550,909,811,1854
2,3,7588,1897,5234,417,2208,254
2,3,19087,1304,3643,3045,710,898
1,2,8090,3199,6986,1455,3712,531
2,3,6758,4560,9965,934,4538,1037
2,3,444,879,2060,264,290,259
1,3,16448,6243,6360,824,2662,2005
1,3,5283,13316,20399,1809,8752,172
2,1,2886,5302,9785,364,6236,555
1,2,2599,3688,13829,492,10069,59
1,3,161,7460,24773,617,11783,2410
2,3,243,12939,8852,799,3909,211
2,3,6468,12867,21570,1840,7558,1543
1,2,17327,2374,2842,1149,351,925
1,2,6987,1020,3007,416,257,656
1,3,918,20655,13567,1465,6846,806
2,3,7034,1492,2405,12569,299,1117
2,3,29635,2335,8280,3046,371,117
2,3,2137,3737,19172,1274,17120,142
1,1,9784,925,2405,4447,183,297
2,3,10617,1795,7647,1483,857,1233
2,1,1479,14982,11924,662,3891,3508
2,3,7127,1375,2201,2679,83,1059
1,3,1182,3088,6114,978,821,1637
2,2,11800,2713,3558,2121,706,51
2,3,9759,25071,17645,1128,12408,1625
2,1,1774,3696,2280,514,275,834
2,3,9155,1897,5167,2714,228,1113
2,1,15881,713,3315,3703,1470,229
1,3,13360,944,11593,915,1679,573
2,3,25977,3587,2464,2369,140,1092
1,3,32717,16784,13626,60869,1272,5609
1,3,4414,1610,1431,3498,387,834
2,1,542,899,1664,414,88,522
1,3,16933,2209,3389,7849,210,1534
2,3,5113,1486,4583,5127,492,739
2,3,9790,1786,5109,3570,182,1043
1,2,11223,14881,26839,1234,9606,1102
2,3,22321,3216,1447,2208,178,2602
2,3,8565,4980,67298,131,38102,1215
1,1,16823,928,2743,11559,332,3486
2,3,27082,6817,10790,1365,4111,2139
1,3,13970,1511,1330,650,146,778
1,3,9351,1347,2611,8170,442,868
2,1,3,333,7021,15601,15,550
2,3,2617,1188,5332,9584,573,1942
2,3,381,4025,9670,388,7271,1371
1,3,2320,5763,11238,767,5162,2158
1,3,255,5758,5923,349,4595,1328
2,3,1689,6964,26316,1456,15469,37
1,3,3043,1172,1763,2234,217,379
1,3,1198,2602,8335,402,3843,303
1,3,2771,6939,15541,2693,6600,1115
2,2,27380,7184,12311,2809,4621,1022
2,1,3428,2380,2028,1341,1184,665
2,3,5981,14641,20521,2005,12218,445
2,3,3521,1099,1997,1796,173,995
1,2,1210,10044,22294,1741,12638,3137
1,3,608,1106,1533,830,90,195
1,3,117,6264,21203,228,8682,1111
2,3,14039,7393,2548,6386,1333,2341
2,3,190,727,2012,245,184,127
1,3,22686,134,218,3157,9,548
1,3,37,1275,22272,137,6747,110
2,3,759,18664,1660,6114,536,4100
1,1,796,5878,2109,340,232,776
1,2,19746,2872,2006,2601,468,503
1,3,4734,607,864,1206,159,405
2,1,2121,1601,2453,560,179,712
2,3,4627,997,4438,191,1335,314
2,3,2615,873,1524,1103,514,468
2,1,4692,6128,8025,1619,4515,3105
1,2,9561,2217,1664,1173,222,447
1,3,3477,894,534,1457,252,342
2,3,22335,1196,2406,2046,101,558
1,3,6211,337,683,1089,41,296
1,1,39679,3944,4955,1364,523,2235
2,3,20105,1887,1939,8164,716,790
2,1,3884,3801,1641,876,397,4829
2,3,15076,6257,7398,1504,1916,3113
2,3,6338,2256,1668,1492,311,686
1,3,5841,1450,1162,597,476,70
2,3,3136,8630,13586,5641,4666,1426
1,3,38793,3154,2648,1034,96,1242
1,3,3225,3294,1902,282,68,1114
2,3,4048,5164,10391,130,813,179
2,3,28257,944,2146,3881,600,270
1,1,17770,4591,1617,9927,246,532
1,3,34454,7435,8469,2540,1711,2893
2,1,1821,1364,3450,4006,397,361
2,3,10683,21858,15400,3635,282,5120
2,1,11635,922,1614,2583,192,1068
1,3,1206,3620,2857,1945,353,967
2,3,20918,1916,1573,1960,231,961
1,3,9785,848,1172,1677,200,406
2,3,9385,1530,1422,3019,227,684
2,3,3352,1181,1328,5502,311,1000
2,3,2647,2761,2313,907,95,1827
2,2,518,4180,3600,659,122,654
2,3,23632,6730,3842,8620,385,819
2,3,12377,865,3204,1398,149,452
2,3,9602,1316,1263,2921,841,290
2,2,4515,11991,9345,2644,3378,2213
2,3,11535,1666,1428,6838,64,743
1,3,11442,1032,582,5390,74,247
2,3,9612,577,935,1601,469,375
1,1,4446,906,1238,3576,153,1014
2,3,27167,2801,2128,13223,92,1902
1,3,26539,4753,5091,220,10,340
1,3,25606,11006,4604,127,632,288
2,3,18073,4613,3444,4324,914,715
2,1,6884,1046,1167,2069,593,378
2,3,25066,5010,5026,9806,1092,960
2,3,7362,12844,18683,2854,7883,553
1,3,8257,3880,6407,1646,2730,344
1,3,8708,3634,6100,2349,2123,5137
1,3,6633,2096,4563,1389,1860,1892
2,2,2126,3289,3281,1535,235,4365
1,3,97,3605,12400,98,2970,62
2,3,4983,4859,6633,17866,912,2435
2,3,5969,1990,3417,5679,1135,290
2,3,7842,6046,8552,1691,3540,1874
2,3,4389,10940,10908,848,6728,993
2,1,5065,5499,11055,364,3485,1063
2,1,660,8494,18622,133,6740,776
2,1,8861,3783,2223,633,1580,1521
2,3,4456,5266,13227,25,6818,1393
1,3,17063,4847,9053,1031,3415,1784
1,3,26400,1377,4172,830,948,1218
2,3,17565,3686,4657,1059,1803,668
1,3,16980,2884,12232,874,3213,249
2,3,11243,2408,2593,15348,108,1886
1,2,13134,9347,14316,3141,5079,1894
1,3,31012,16687,5429,15082,439,1163
2,1,3047,5970,4910,2198,850,317
1,3,8607,1750,3580,47,84,2501
1,2,3097,4230,16483,575,241,2080
1,1,8533,5506,5160,13486,1377,1498
1,3,21117,1162,4754,269,1328,395
2,3,1982,3218,1493,1541,356,1449
2,3,16731,3922,7994,688,2371,838
2,3,29703,12051,16027,13135,182,2204
1,1,39228,1431,764,4510,93,2346
1,1,14531,15488,30243,437,14841,1867
2,2,10290,1981,2232,1038,168,2125
1,3,2787,1698,2510,65,477,52
1,1,12888,9875,7780,433,2893,1557
1,1,7230,9983,9741,1935,3466,1949
2,1,6850,9305,8181,2902,4013,8341
2,2,13762,1693,4718,6901,1004,2285
1,3,23031,5826,7614,4331,2193,5601
1,3,9324,8170,5037,577,1706,1362
2,3,11635,2708,6484,-11,2649,54
2,1,7694,5071,9541,1784,3436,2681
2,1,5696,3381,5925,158,1449,483
1,1,5758,10845,18633,911,7177,1850
1,1,3429,5466,13037,4463,6040,1807
2,1,12875,853,4252,1149,278,226
1,3,31729,12334,11772,302,3896,2946
1,3,20903,5894,14668,2781,6393,288
1,3,24658,9470,12096,299,5063,2173
1,3,10206,1067,3774,350,917,365
2,3,1504,9300,12605,618,4992,1564
1,2,5670,5951,2727,633,164,4272
2,2,18259,5985,9757,1863,2425,2839
2,3,8206,2921,9890,1095,2944,927
2,3,17259,4232,4315,779,1972,1837
1,1,5651,955,2094,3467,459,653
1,3,31536,2177,4729,9668,2641,4594
2,3,26587,36637,22233,5368,4551,16737
1,3,23072,10201,14217,3340,4907,6203
2,3,16315,4380,7745,351,4153,207
1,3,10243,1306,3206,3496,587,1178
2,3,14058,585,2827,267,-118,300
2,3,4450,20821,26294,1495,8941,5543
2,2,42989,2001,2510,1101,1008,724
2,3,18402,3197,10694,735,1721,2550
1,3,2180,3907,2701,1656,388,553
2,3,21199,885,2453,-167,485,-28
2,2,29508,4565,7105,5909,140,862
2,3,1187,1664,1947,110,168,80
1,3,351,5154,10754,496,3902,99
2,3,30176,4583,5649,1950,1083,4847
1,3,15564,10952,12873,2316,6902,1110
2,3,4437,15575,16555,-121,6802,279
2,1,56008,404,751,9851,61,2765
1,1,23866,4173,4598,9351,986,5705
2,3,18844,2733,5624,1701,2243,2470
1,3,10847,7552,14958,185,6896,43
1,3,859,11324,24227,1016,9758,301
1,3,9614,6971,10415,485,4562,9
1,3,4909,21772,21259,1468,7081,4713
1,3,3246,14212,22098,1811,6935,1595
1,1,44651,54444,55756,7967,24356,6650
1,2,11557,6190,10906,622,5159,1514
2,3,4637,21082,28591,1468,13253,833
2,1,6632,1458,2343,4223,972,2525
2,3,2872,3576,6521,-236,1063,-174
1,3,40880,4075,6035,691,2746,1437
2,3,84,10066,11125,337,5204,-183
1,3,27084,1204,1702,2191,-41,1088
1,3,5737,4156,5478,1530,2497,1603
1,3,4190,29984,26958,2708,17832,1432
2,1,5331,9847,10401,-48,7486,1196
2,2,13650,1841,1519,467,98,307
1,1,6502,5725,8405,494,3449,1968
1,3,9020,3475,8284,526,4525,655
2,3,36031,38458,59687,3343,26790,2106
1,2,7712,6134,6433,4043,3963,853
2,1,9203,11408,15582,2703,7484,1102
2,3,4755,1222,3245,3719,1242,1140
2,3,-352,20522,45391,-401,23794,986
1,3,-431,1094,6977,-265,3028,-413
1,3,19566,6412,13115,909,4794,487
2,3,2045,6859,3592,5469,387,2694
1,3,8369,2837,1310,796,673,161
2,3,16904,2236,3401,10842,315,1564
2,3,18032,1007,20783,5114,3914,14213
2,3,4128,4847,2369,8580,1029,-111
1,1,20214,5647,9028,8447,1079,963
2,3,8241,6394,9845,1336,1952,1831
2,1,20082,821,-313,4091,-313,659
2,3,948,3818,6763,7761,760,1125
2,1,11974,12466,28309,638,11803,778
1,3,11127,1536,2428,2457,662,528
2,3,1827,3446,3842,1055,1389,1840
1,3,7193,1017,3197,618,798,717
2,2,605,9926,14789,669,8204,542
2,3,10172,9042,10819,547,3347,2152
1,3,20945,1634,1854,2391,621,843
2,1,12100,3560,5047,1411,4070,353
1,3,16192,46272,92855,1101,40902,3019
2,1,22998,73571,32187,1060,20143,976
1,1,43345,5105,8197,6392,1659,14431
1,2,7700,378,3878,9571,1,-118
1,1,25390,4322,5816,3929,940,3664
1,1,11113,304,1346,3055,-223,68
1,3,12942,2950,2718,8881,815,1305
2,3,9460,27734,32296,3494,19168,5392
1,3,11000,2776,1748,34695,-243,2384
1,3,5748,12342,11445,328,5160,366
2,3,424,3341,6673,861,644,1130
1,3,-138,2455,7957,-16,3713,56
1,3,484,335,691,855,135,144
2,3,327,-64,602,719,-120,-44
2,2,9585,2109,1836,5566,142,250
2,1,12025,8210,12575,3683,8466,3460
1,3,1731,11121,16578,1904,7077,2149
2,3,2772,6299,7517,2401,4413,1226
1,3,55955,3377,8779,17901,1353,2371
1,3,14400,2432,3745,1636,1791,848
2,3,15697,1124,4080,1020,249,1488
2,3,1118,6001,10368,-203,6494,1495
2,3,8319,10168,14408,1993,8491,960
1,3,1700,8566,7150,416,2674,1405
1,3,1094,16417,28674,361,524,-309
2,2,12088,1918,1964,2546,439,1917
2,3,12448,10983,17438,674,6326,1388
1,3,18549,2273,1972,8356,-14,2211
1,3,14305,2162,1600,3087,452,1428
2,3,18074,1110,2030,2585,148,1296
2,3,11518,1177,3372,3099,660,994
1,3,11411,2759,3593,1755,548,460
1,3,7322,4212,5712,1979,651,1492
1,1,20150,1992,2463,5444,512,1034
1,2,8400,2486,2289,4038,408,777
2,1,17445,1485,3697,2702,459,1421
2,1,4498,3712,1976,2873,742,733
1,3,12456,445,489,2235,269,1104
2,3,10730,10329,8374,1754,1536,-297
2,1,36425,2017,3336,5162,875,1996
2,3,76438,3674,7303,16739,979,1119
1,3,18882,1503,1321,7858,12,146
1,3,21170,6948,10390,585,2091,2454
2,3,327,9034,4010,329,1249,190
2,3,42488,1102,1686,1894,586,1995
2,3,7208,2487,758,6375,454,970
1,3,2080,568,293,325,49,289
1,1,15146,2275,2722,819,1198,571
2,3,9243,851,1044,245,65,205
1,3,7113,1607,1899,445,-228,262
1,3,5891,880,2182,761,-210,-83
2,3,4248,8202,6653,4198,2070,1165
1,2,3326,8319,8521,900,960,275
1,3,13336,4056,4833,-46,48,3070
1,2,5872,5464,3828,1310,1122,1414
1,1,17521,4178,7203,2177,858,2514
1,2,30407,13280,5217,349,79,1478
2,3,36772,6888,7989,2731,-244,-261
2,3,10073,1264,764,8093,67,-14
2,3,19034,3884,2195,325,723,408
1,3,22199,8544,34952,202,12751,4590
1,3,7275,1442,1683,432,-421,26
2,3,9494,3664,2998,1577,1373,817
2,3,5519,179,137,3647,-122,29
2,3,32172,1793,2011,1160,473,1800
2,3,15725,1325,1265,353,-330,567
1,3,1374,3413,2107,616,340,1859
2,1,18847,1378,3142,3008,359,191
2,3,3268,9055,2173,584,107,1432
1,1,263,-304,-222,-284,-352,-351
1,3,1594,10295,19065,-162,11182,1758
2,3,3404,4865,14429,-109,6268,2756
2,1,17290,883,1991,2895,328,-65
2,3,2384,6093,9141,453,3527,1205
2,3,280,7629,14607,323,8002,228
1,3,2096,4022,13193,1195,4795,2528
2,2,12850,956,699,1508,419,2649
1,3,15177,2024,3810,2665,232,610
2,3,5249,15444,26588,2085,13444,164
1,3,5331,7710,8691,2647,3781,345
2,1,15577,12615,19820,4387,7070,2341
1,1,4587,6486,8935,758,4738,3402
1,3,2701,2970,3043,180,1455,468
1,3,6013,939,1007,1597,283,633
1,3,4968,271,1709,1953,-377,304
1,3,381,8796,13551,1237,7136,444
2,3,480,26142,20096,931,9053,6530
1,3,1178,5702,6759,556,3063,930
1,1,859,8022,20150,1282,10181,1061
1,3,565,1487,5520,2794,432,1721
1,3,2751,8253,12282,460,4604,2105
2,3,45600,6918,6496,7328,1492,190
2,3,12671,7242,4445,1664,-68,2543
1,3,10553,6626,4496,703,-329,-54
2,3,3243,4974,2586,4563,359,2251
1,3,12785,6465,9316,831,1811,3223
2,3,112571,30047,18568,17165,5368,8970
2,3,256,8095,10080,5,6469,-282
2,3,36419,43522,19742,36106,-189,47515
2,3,256,847,4639,3,263,-60
2,3,8006,6284,975,2017,-106,83
1,3,3308,820,1153,3769,1248,1026
1,3,2090,7654,9471,5921,3111,-345
1,3,8506,8105,12153,3224,7305,870
1,1,502,11245,11190,-57,3695,1524
1,3,17174,6488,2219,7570,356,302
2,3,13274,-55,1031,540,-307,-266
2,3,5168,1120,1910,206,-154,68
2,3,499,3804,20611,1278,5937,985
1,3,7598,1503,3465,1297,846,1633
1,3,17485,5601,5692,8350,792,2217
2,3,30249,6834,4522,18336,388,2501
1,3,2745,7415,10709,1445,4632,1786
2,3,12098,2566,7236,3939,1004,1109
1,3,9797,2407,2239,647,529,474
1,3,2632,12805,22692,3506,9524,296
1,3,4586,14501,24810,3651,14337,1783
1,3,24774,11058,9061,4636,-145,6425
2,3,730,832,2363,616,1101,165
1,3,2298,1233,5568,1725,347,1670
1,3,824,11428,23313,672,8982,427
2,1,6335,742,912,840,250,247
2,3,2458,4654,6006,2863,5233,37
2,1,1578,3789,5879,1900,3422,847
1,1,5306,12485,16523,620,12176,553
2,3,18265,1593,1091,1499,-58,1798
1,3,12015,28222,39590,4632,19306,2766
1,3,6911,632,1682,911,-140,1395
1,1,3324,6609,6868,1336,3968,1222
2,3,2344,6533,11346,895,5939,773
2,3,3230,11189,15962,1798,6252,2812
2,3,2692,16759,36646,339,13468,834
2,1,18330,1761,2332,2818,416,1444
1,3,-1,7485,15186,1266,4778,6353
1,3,4088,300,1323,2239,19,63
1,3,14523,667,1150,1533,-176,517
2,3,5742,7849,10992,437,4513,585
2,1,5004,1078,2819,7459,219,338
1,3,2921,2658,5396,5743,919,1491
2,3,6992,377,1217,502,-212,377
2,3,12359,2922,3836,339,440,465
2,1,20774,5913,9204,1751,2560,1545
2,3,4511,2673,2032,2755,732,1158
2,1,1369,77,72,450,4262,-297
1,3,8516,2606,2361,6705,554,840
2,2,11194,6111,5737,8443,1077,2259
1,3,2494,10828,3978,1589,1716,640
2,1,25983,1801,3859,659,305,855
2,3,681,4701,3033,654,126,-276
1,3,15767,2867,3997,4424,489,2727
1,3,1402,5944,2388,782,780,-141
1,1,8473,658,2885,2150,253,63
1,3,19155,4301,1056,5097,491,1678
1,2,6932,44,154,681,-359,-215
1,1,47169,2243,3455,4919,504,1929
1,2,22243,3722,7188,11569,490,2711
1,3,25167,2039,2713,2454,650,1285
1,1,18598,1031,3286,4124,958,950
2,3,10977,3343,4886,328,1449,2165
1,1,5972,7545,10587,953,2913,1740
1,3,3377,6469,14231,545,9248,3099
1,3,8663,2206,1555,1555,208,388
1,1,13370,147,290,1878,-155,460
1,3,15985,5593,2720,873,876,886
2,3,8185,3940,2215,6485,1063,436
2,2,2706,1508,1314,1245,-251,225
2,3,6058,23057,33510,6670,18518,5045
1,3,6307,1544,4424,7367,-111,1377
1,3,29286,7721,16726,192,123,1151
2,1,10834,18427,5203,5141,2002,3720
2,3,31646,521,1527,3274,143,647
2,3,11537,5453,5694,898,837,818
2,3,8945,2401,2353,5474,4063,1457
2,3,55928,4408,1969,6267,575,3166
2,2,53543,5297,7674,3350,1305,1156
2,2,8789,4481,1753,-77,376,144
2,3,7865,1117,1101,6825,56,294
2,3,23596,1711,2016,1321,768,994
2,3,2622,1584,7153,4793,3363,880
2,3,586,9192,14958,-426,5493,778
2,3,5439,23057,13229,9685,360,3166
1,3,966,10157,22576,2615,5276,2957
1,1,20529,858,2212,3611,373,3264
2,3,11636,7781,19575,797,6102,426
2,3,14983,23,903,2281,98,-31
1,2,4816,1128,1071,5596,293,152
1,3,2201,5125,1681,1238,265,1668
2,3,219,8028,6574,234,-202,745
1,3,36689,2917,1365,4674,82,1696
1,3,596,1405,1543,446,461,855
1,3,235,1165,-222,417,-349,-66
1,3,27427,3275,6490,4005,129,2029
2,2,8649,417,271,16507,209,-273
1,2,12088,2712,2938,6240,669,1804
2,3,17859,6699,10193,1792,4119,2220
1,3,3801,3319,2866,1412,602,1539
2,3,12438,7308,6435,1293,2528,2279
1,3,48857,3759,4046,5764,835,1198
1,2,26213,4059,2459,10749,760,1830
2,3,68775,4235,12433,8516,575,2230
1,3,40401,787,3747,1189,583,165
1,3,7219,2317,1312,1689,1296,198
2,2,15383,2131,2857,8395,415,1056
1,1,16115,449,1151,703,300,113
1,3,43200,700,885,1802,446,436
2,3,2647,2099,2581,441,904,1461
1,2,6503,3835,3742,2988,693,1167
2,3,2375,2623,3866,3375,362,597
2,3,3984,11091,12457,890,5940,729
1,1,21208,1948,6485,844,746,1789
1,3,7618,1927,5264,447,2238,284
1,1,19226,1443,3782,3184,849,1037
1,3,7871,2980,6767,1236,3493,312
1,1,7091,4893,10298,1267,4871,1370
1,1,911,1346,2527,731,757,726
1,3,16151,5946,6063,527,2365,1708
1,2,5347,13380,20463,1873,8816,236
1,3,2657,5073,9556,135,6007,326
2,3,2270,3359,13500,163,9740,-270
1,3,164,7463,24776,620,11786,2413
2,3,642,13338,9251,1198,4308,610
1,3,5973,12372,21075,1345,7063,1048
1,3,17014,2061,2529,836,38,612
2,3,7414,1447,3434,843,684,1083
2,3,809,20546,13458,1356,6737,697
2,3,6591,1049,1962,12126,-144,674
1,3,29797,2497,8442,3208,533,279
1,2,2337,3937,19372,1474,17320,342
1,3,9667,808,2288,4330,66,180
2,3,10365,1543,7395,1231,605,981
2,3,1459,14962,11904,642,3871,3488
2,3,6736,984,1810,2288,-308,668
2,3,932,2838,5864,728,571,1387
2,3,11321,2234,3079,1642,227,-428
1,3,9947,25259,17833,1316,12596,1813
1,2,1561,3483,2067,301,62,621
2,3,9602,2344,5614,3161,675,1560
2,3,15943,775,3377,3765,1532,291
1,1,13840,1424,12073,1395,2159,1053
2,3,25994,3604,2481,2386,157,1109
2,3,33085,17152,13994,61237,1640,5977
2,3,4318,1514,1335,3402,291,738
2,2,722,1079,1844,594,268,702
1,1,16444,1720,2900,7360,-279,1045
2,3,5612,1985,5082,5626,991,1238
2,3,9448,1444,4767,3228,-160,701
1,3,11471,15129,27087,1482,9854,1350
2,3,22682,3577,1808,2569,539,2963
1,3,8578,4993,67311,144,38115,1228
1,3,17218,1323,3138,11954,727,3881
2,2,27286,7021,10994,1569,4315,2343
1,3,14174,1715,1534,854,350,982
2,3,9668,1664,2928,8487,759,1185
1,1,317,647,7335,15915,329,864
2,3,2807,1378,5522,9774,763,2132
2,1,62,3706,9351,69,6952,1052
1,2,1990,5433,10908,437,4832,1828
1,3,117,5620,5785,211,4457,1190
2,3,1663,6938,26290,1430,15443,11
1,3,3306,1435,2026,2497,480,642
2,3,1599,3003,8736,803,4244,704
2,3,3149,7317,15919,3071,6978,1493
1,3,27220,7024,12151,2649,4461,862
2,3,3101,2053,1701,1014,857,338
2,3,5827,14487,20367,1851,12064,291
1,2,3979,1557,2455,2254,631,1453
2,3,1348,10182,22432,1879,12776,3275
2,3,333,831,1258,555,-185,-80
2,3,193,6340,21279,304,8758,1187
1,1,14110,7464,2619,6457,1404,2412
2,3,142,679,1964,197,136,79
2,3,22466,-86,-2,2937,-211,328
1,1,-371,867,21864,-271,6339,-298
1,3,338,18243,1239,5693,115,3679
1,3,711,5793,2024,255,147,691
1,3,19416,2542,1676,2271,138,173
1,3,4470,343,600,942,-105,141
2,3,2245,1725,2577,684,303,836
1,3,4708,1078,4519,272,1416,395
2,1,2532,790,1441,1020,431,385
2,1,4595,6031,7928,1522,4418,3008
1,1,9169,1825,1272,781,-170,55
2,1,3511,928,568,1491,286,376
2,3,22389,1250,2460,2100,155,612
2,3,6061,187,533,939,-109,146
2,3,39423,3688,4699,1108,267,1979
2,1,20520,2302,2354,8579,1131,1205
1,3,4114,4031,1871,1106,627,5059
1,2,14715,5896,7037,1143,1555,2752
2,3,6675,2593,2005,1829,648,1023
2,3,5668,1277,989,424,303,-103
1,3,3229,8723,13679,5734,4759,1519
2,3,38476,2837,2331,717,-221,925
2,3,3104,3173,1781,161,-53,993
1,3,4402,5518,10745,484,1167,533
1,3,28627,1314,2516,4251,970,640
2,3,17957,4778,1804,10114,433,719
1,3,34903,7884,8918,2989,2160,3342
2,3,1624,1167,3253,3809,200,164
1,3,11141,22316,15858,4093,740,5578
2,3,11778,1065,1757,2726,335,1211
1,3,1500,3914,3151,2239,647,1261
1,3,21313,2311,1968,2355,626,1356
1,3,10010,1073,1397,1902,425,631
2,2,9705,1850,1742,3339,547,1004
1,3,2983,812,959,5133,-58,631
2,3,2912,3026,2578,1172,360,2092
2,3,469,4131,3551,610,73,605
1,3,23613,6711,3823,8601,366,800
2,3,12447,935,3274,1468,219,522
1,3,10064,1778,1725,3383,1303,752
2,3,4426,11902,9256,2555,3289,2124
2,3,11174,1305,1067,6477,-297,382
2,1,11260,850,400,5208,-108,65
2,3,9773,738,1096,1762,630,536
2,3,4118,578,910,3248,-175,686
1,3,26961,2595,1922,13017,-114,1696
2,3,26191,4405,4743,-128,-338,-8
1,3,25170,10570,4168,-309,196,-148
1,3,18515,5055,3886,4766,1356,1157
1,3,7173,1335,1456,2358,882,667
1,3,25114,5058,5074,9854,1140,1008
1,3,7136,12618,18457,2628,7657,327
2,1,7985,3608,6135,1374,2458,72
1,1,8302,3228,5694,1943,1717,4731
1,3,6192,1655,4122,948,1419,1451
1,3,1876,3039,3031,1285,-15,4115
1,1,-401,3107,11902,-400,2472,-436
2,3,5076,4952,6726,17959,1005,2528
1,1,6267,2288,3715,5977,1433,588
1,1,7713,5917,8423,1562,3411,1745
2,3,4536,11087,11055,995,6875,1140
1,3,5555,5989,11545,854,3975,1553
1,3,416,8250,18378,-111,6496,532
2,2,8942,3864,2304,714,1661,1602
2,3,4126,4936,12897,-305,6488,1063
2,3,17414,5198,9404,1382,3766,2135
2,3,26359,1336,4131,789,907,1177
2,3,17248,3369,4340,742,1486,351
1,3,16902,2806,12154,796,3135,171
2,3,11123,2288,2473,15228,-12,1766
2,1,13565,9778,14747,3572,5510,2325
2,3,30836,16511,5253,14906,263,987
1,1,2912,5835,4775,2063,715,182
2,2,8305,1448,3278,-255,-218,2199
1,3,3496,4629,16882,974,640,2479
1,3,8509,5482,5136,13462,1353,1474
2,3,21235,1280,4872,387,1446,513
2,3,2395,3631,1906,1954,769,1862
2,2,16593,3784,7856,550,2233,700
1,3,29536,11884,15860,12968,15,2037
1,3,38893,1096,429,4175,-242,2011
2,1,14560,15517,30272,466,14870,1896
2,3,10132,1823,2074,880,10,1967
2,3,2556,1467,2279,-166,246,-179
1,3,13093,10080,7985,638,3098,1762
2,1,7545,10298,10056,2250,3781,2264
2,3,6164,8619,7495,2216,3327,7655
1,3,13234,1165,4190,6373,476,1757
2,3,23109,5904,7692,4409,2271,5679
2,3,9303,8149,5016,556,1685,1341
2,3,11796,2869,6645,150,2810,215
1,3,7837,5214,9684,1927,3579,2824
1,3,5503,3188,5732,-35,1256,290
2,3,5923,11010,18798,1076,7342,2015
1,2,2943,4980,12551,3977,5554,1321
1,1,13365,1343,4742,1639,768,716
2,3,31496,12101,11539,69,3663,2713
2,2,21305,6296,15070,3183,6795,690
2,1,24959,9771,12397,600,5364,2474
1,3,9796,657,3364,-60,507,-45
1,2,1087,8883,12188,201,4575,1147
2,1,5952,6233,3009,915,446,4554
2,3,18918,6644,10416,2522,3084,3498
2,3,7948,2663,9632,837,2686,669
1,3,17484,4457,4540,1004,2197,2062
1,3,5134,438,1577,2950,-58,136
2,3,31437,2078,4630,9569,2542,4495
1,2,26588,36638,22234,5369,4552,16738
2,3,22968,10097,14113,3236,4803,6099
2,3,15872,3937,7302,-92,3710,-236
1,2,10202,1265,3165,3455,546,1137
1,3,14641,1168,3410,850,465,883
1,3,3891,20262,25735,936,8382,4984
1,3,43076,2088,2597,1188,1095,811
1,1,19041,3836,11333,1374,2360,3189
2,3,2890,4617,3411,2366,1098,1263
1,2,21856,1542,3110,490,1142,629
1,3,29815,4872,7412,6216,447,1169
1,3,1462,1939,2222,385,443,355
2,3,373,5176,10776,518,3924,121
2,3,30132,4539,5605,1906,1039,4803
2,3,15548,10936,12857,2300,6886,1094
2,3,4717,15855,16835,159,7082,559
2,3,56353,749,1096,10196,406,3110
1,3,24272,4579,5004,9757,1392,6111
2,3,18954,2843,5734,1811,2353,2580
1,3,10981,7686,15092,319,7030,177
1,1,594,11059,23962,751,9493,36
2,1,9286,6643,10087,157,4234,-319
2,3,5632,22495,21982,2191,7804,5436
2,3,3365,14331,22217,1930,7054,1714
2,3,44060,53853,55165,7376,23765,6059
2,1,11637,6270,10986,702,5239,1594
2,3,5206,21651,29160,2037,13822,1402
2,1,6723,1549,2434,4314,1063,2616
2,1,3090,3794,6739,-18,1281,44
1,3,40666,3861,5821,477,2532,1223
2,3,334,10316,11375,587,5454,67
1,3,27715,1835,2333,2822,590,1719
1,3,4997,3416,4738,790,1757,863
2,3,4446,30240,27214,2964,18088,1688
1,3,5533,10049,10603,154,7688,1398
2,3,14154,2345,2023,971,602,811
1,2,6318,5541,8221,310,3265,1784
2,3,8868,3323,8132,374,4373,503
2,3,36043,38470,59699,3355,26802,2118
1,3,8042,6464,6763,4373,4293,1183
1,3,9198,11403,15577,2698,7479,1097
2,3,4354,821,2844,3318,841,739
1,3,129,21003,45872,80,24275,1467
2,2,388,1913,7796,554,3847,406
2,3,20112,6958,13661,1455,5340,1033
1,3,2151,6965,3698,5575,493,2800
1,3,8678,3146,1619,1105,982,470
1,1,16298,1630,2795,10236,-291,958
1,3,18136,1111,20887,5218,4018,14317
1,3,4313,5032,2554,8765,1214,74
2,3,19685,5118,8499,7918,550,434
1,3,7890,6043,9494,985,1601,1480
1,3,20500,1239,105,4509,105,1077
1,3,1113,3983,6928,7926,925,1290
1,3,12449,12941,28784,1113,12278,1253
2,3,10736,1145,2037,2066,271,137
2,3,1958,3577,3973,1186,1520,1971
1,3,6982,806,2986,407,587,506
2,3,-193,9128,13991,-129,7406,-256
1,1,9920,8790,10567,295,3095,1900
2,3,21056,1745,1965,2502,732,954
2,3,11426,2886,4373,737,3396,-321
1,3,15649,45729,92312,558,40359,2476
1,3,22985,73558,32174,1047,20130,963
1,3,42925,4685,7777,5972,1239,14011
1,3,7975,653,4153,9846,276,157
1,2,25149,4081,5575,3688,699,3423
2,1,11730,921,1963,3672,394,685
1,3,12657,2665,2433,8596,530,1020
1,3,9124,27398,31960,3158,18832,5056
2,3,11218,2994,1966,34913,-25,2602
2,3,5481,12075,11178,61,4893,99
1,1,-201,2716,6048,236,19,505
1,3,365,2958,8460,487,4216,559
2,3,518,369,725,889,169,178
2,3,191,-200,466,583,-256,-180
2,3,9581,2105,1832,5562,138,246
1,2,11227,7412,11777,2885,7668,2662
2,2,1789,11179,16636,1962,7135,2207
2,3,3305,6832,8050,2934,4946,1759
1,3,56135,3557,8959,18081,1533,2551
2,1,14096,2128,3441,1332,1487,544
1,3,15855,1282,4238,1178,407,1646
1,3,1027,5910,10277,-294,6403,1404
1,3,9201,11050,15290,2875,9373,1842
1,3,1938,8804,7388,654,2912,1643
2,2,953,16276,28533,220,383,-450
1,3,12077,1907,1953,2535,428,1906
2,3,12922,11457,17912,1148,6800,1862
1,3,19399,3123,2822,9206,836,3061
1,3,14225,2082,1520,3007,372,1348
1,3,18301,1337,2257,2812,375,1523
1,3,10848,507,2702,2429,-10,324
1,3,11021,2369,3203,1365,158,70
2,3,6516,3406,4906,1173,-155,686
2,3,20278,2120,2591,5572,640,1162
1,1,8698,2784,2587,4336,706,1075
2,3,17627,1667,3879,2884,641,1603
2,1,4365,3579,1843,2740,609,600
2,3,12444,433,477,2223,257,1092
2,3,10949,10548,8593,1973,1755,-78
1,1,36334,1926,3245,5071,784,1905
2,1,76668,3904,7533,16969,1209,1349
2,3,18719,1340,1158,7695,-151,-17
1,1,21932,7710,11152,1347,2853,3216
1,3,271,8978,3954,273,1193,134
1,3,41918,532,1116,1324,16,1425
2,3,7225,2504,775,6392,471,987
2,1,2397,885,610,642,366,606
1,1,15077,2206,2653,750,1129,502
2,2,9735,1343,1536,737,557,697
2,3,7234,1728,2020,566,-107,383
1,1,6457,1446,2748,1327,356,483
1,3,4767,8721,7172,4717,2589,1684
1,3,3452,8445,8647,1026,1086,401
1,3,13708,4428,5205,326,420,3442
1,3,5491,5083,3447,929,741,1033
2,3,18118,4775,7800,2774,1455,3111
1,1,30354,13227,5164,296,26,1425
2,3,37334,7450,8551,3293,318,301
1,2,10032,1223,723,8052,26,-55
2,1,18980,3830,2141,271,669,354
2,3,22108,8453,34861,111,12660,4499
1,3,7686,1853,2094,843,-10,437
2,3,9091,3261,2595,1174,970,414
2,1,6216,876,834,4344,575,726
1,1,31342,963,1181,330,-357,970
1,3,15830,1430,1370,458,-225,672
1,3,1574,3613,2307,816,540,2059
1,3,18854,1385,3149,3015,366,198
2,1,3793,9580,2698,1109,632,1957
2,3,688,121,203,141,73,74
2,3,2343,11044,19814,587,11931,2507
1,3,3581,5042,14606,68,6445,2933
2,3,17437,1030,2138,3042,475,82
1,3,2802,6511,9559,871,3945,1623
2,3,100,7449,14427,143,7822,48
1,3,1945,3871,13042,1044,4644,2377
1,3,12193,299,42,851,-238,1992
2,3,14697,1544,3330,2185,-248,130
1,3,5562,15757,26901,2398,13757,477
2,2,5231,7610,8591,2547,3681,245
2,3,15666,12704,19909,4476,7159,2430
1,3,5002,6901,9350,1173,5153,3817
2,3,3130,3399,3472,609,1884,897
1,2,5988,914,982,1572,258,608
1,3,5053,356,1794,2038,-292,389
2,3,269,8684,13439,1125,7024,332
1,3,-87,25575,19529,364,8486,5963
1,3,1159,5683,6740,537,3044,911
1,3,592,7755,19883,1015,9914,794
1,3,598,1520,5553,2827,465,1754
2,3,2431,7933,11962,140,4284,1785
1,3,46083,7401,6979,7811,1975,673
1,3,13014,7585,4788,2007,275,2886
1,1,10852,6925,4795,1002,-30,245
2,3,2869,4600,2212,4189,-15,1877
1,1,12523,6203,9054,569,1549,2961
2,3,112650,30126,18647,17244,5447,9049
1,3,307,8146,10131,56,6520,-231
2,3,37120,44223,20443,36807,512,48216
2,2,277,868,4660,24,284,-39
1,3,8648,6926,1617,2659,536,725
2,3,3106,618,951,3567,1046,824
1,3,2217,7781,9598,6048,3238,-218
2,3,7589,7188,11236,2307,6388,-47
1,2,913,11656,11601,354,4106,1935
2,2,17388,6702,2433,7784,570,516
1,2,13943,614,1700,1209,362,403
2,3,5780,1732,2522,818,458,680
2,3,-70,3235,20042,709,5368,416
2,3,6707,612,2574,406,-45,742
1,3,16934,5050,5141,7799,241,1666
1,3,30283,6868,4556,18370,422,2535
1,3,2398,7068,10362,1098,4285,1439
2,3,11858,2326,6996,3699,764,869
2,3,10080,2690,2522,930,812,757
2,1,2843,13016,22903,3717,9735,507
1,3,4736,14651,24960,3801,14487,1933
2,1,24818,11102,9105,4680,-101,6469
2,3,381,483,2014,267,752,-184
2,3,2308,1243,5578,1735,357,1680
1,2,967,11571,23456,815,9125,570
2,3,6346,753,923,851,261,258
1,2,2603,4799,6151,3008,5378,182
1,3,1828,4039,6129,2150,3672,1097
1,2,5902,13081,17119,1216,12772,1149
2,3,18209,1537,1035,1443,-114,1742
1,2,12561,28768,40136,5178,19852,3312
2,3,7557,1278,2328,1557,506,2041
2,3,3262,6547,6806,1274,3906,1160
1,3,2133,6322,11135,684,5728,562
2,3,2869,10828,15601,1437,5891,2451
2,3,2364,16431,36318,11,13140,506
1,1,18249,1680,2251,2737,335,1363
2,3,160,7646,15347,1427,4939,6514
1,2,4289,501,1524,2440,220,264
2,3,14866,1010,1493,1876,167,860
1,1,5834,7941,11084,529,4605,677
2,3,5176,1250,2991,7631,391,510
2,3,2622,2359,5097,5444,620,1192
1,3,7693,1078,1918,1203,489,1078
1,3,13167,3730,4644,1147,1248,1273
1,3,20624,5763,9054,1601,2410,1395
2,3,4440,2602,1961,2684,661,1087
2,3,2234,942,937,1315,5127,568
2,1,8456,2546,2301,6645,494,780
2,3,10579,5496,5122,7828,462,1644
2,3,1921,10255,3405,1016,1143,67
2,3,25626,1444,3502,302,-52,498
2,2,709,4729,3061,682,154,-248
1,3,16004,3104,4234,4661,726,2964
2,3,1979,6521,2965,1359,1357,436
1,3,8277,462,2689,1954,57,-133
2,3,18488,3634,389,4430,-176,1011
2,1,7339,451,561,1088,48,192
1,3,47138,2212,3424,4888,473,1898
2,2,22561,4040,7506,11887,808,3029
2,3,24644,1516,2190,1931,127,762
1,1,18325,758,3013,3851,685,677
2,3,11554,3920,5463,905,2026,2742
2,3,6579,8152,11194,1560,3520,2347
2,2,3543,6635,14397,711,9414,3265
2,3,8731,2274,1623,1623,276,456
2,3,13923,700,843,2431,398,1013
2,1,15443,5051,2178,331,334,344
2,3,7896,3651,1926,6196,774,147
1,3,3260,2062,1868,1799,303,779
1,3,5921,22920,33373,6533,18381,4908
1,3,7114,2351,5231,8174,696,2184
1,3,29109,7544,16549,15,-54,974
2,2,10434,18027,4803,4741,1602,3320
1,3,31863,738,1744,3491,360,864
2,3,10728,4644,4885,89,28,9
1,1,8527,1983,1935,5056,3645,1039
2,1,55965,4445,2006,6304,612,3203
2,3,53306,5060,7437,3113,1068,919
2,3,8778,4470,1742,-88,365,133
2,3,8034,1286,1270,6994,225,463
1,1,23606,1721,2026,1331,778,1004
2,3,2245,1207,6776,4416,2986,503
1,3,704,9310,15076,-308,5611,896
2,3,5760,23378,13550,10006,681,3487
1,1,646,9837,22256,2295,4956,2637
2,2,20852,1181,2535,3934,696,3587
1,3,11484,7629,19423,645,5950,274
2,1,14988,28,908,2286,103,-26
2,3,4920,1232,1175,5700,397,256
1,3,1713,4637,1193,750,-223,1180
2,3,140,7949,6495,155,-281,666
1,1,37089,3317,1765,5074,482,2096
2,3,1076,1885,2023,926,941,1335
1,3,1001,1931,544,1183,417,700
1,1,28277,4125,7340,4855,979,2879
2,3,8722,490,344,16580,282,-200
2,1,12099,2723,2949,6251,680,1815
1,2,16999,5839,9333,932,3259,1360
2,3,3348,2866,2413,959,149,1086
2,2,12620,7490,6617,1475,2710,2461
1,3,49312,4214,4501,6219,1290,1653
1,3,25702,3548,1948,10238,249,1319
2,3,69286,4746,12944,9027,1086,2741
1,1,40623,1009,3969,1411,805,387
1,3,6903,2001,996,1373,980,-118
2,3,15064,1812,2538,8076,96,737
1,3,16486,820,1522,1074,671,484
1,1,42679,179,364,1281,-75,-85
1,1,3187,2639,3121,981,1444,2001
1,3,6145,3477,3384,2630,335,809
2,3,2474,2722,3965,3474,461,696
1,3,3572,10679,12045,478,5528,317
2,3,21319,2059,6596,955,857,1900
1,3,7131,1440,4777,-40,1751,-203
2,3,19389,1606,3945,3347,1012,1200
1,3,8507,3616,7403,1872,4129,948
1,1,7251,5053,10458,1427,5031,1530
2,3,241,676,1857,61,87,56
1,2,16075,5870,5987,451,2289,1632
2,3,5604,13637,20720,2130,9073,493
1,2,3214,5630,10113,692,6564,883
1,3,2361,3450,13591,254,9831,-179
1,3,525,7824,25137,981,12147,2774
2,1,-207,12489,8402,349,3459,-239
2,3,6731,13130,21833,2103,7821,1806
2,3,17378,2425,2893,1200,402,976
1,3,6494,527,2514,-77,-236,163
1,3,796,20533,13445,1343,6724,684
2,3,6794,1252,2165,12329,59,877
1,3,29492,2192,8137,2903,228,-26
2,3,2377,3977,19412,1514,17360,382
2,3,9890,1031,2511,4553,289,403
1,1,10939,2117,7969,1805,1179,1555
2,3,1390,14893,11835,573,3802,3419
2,2,6754,1002,1828,2306,-290,686
2,3,1502,3408,6434,1298,1141,1957
2,3,11390,2303,3148,1711,296,-359
2,3,9823,25135,17709,1192,12472,1689
1,3,1360,3282,1866,100,-139,420
2,3,8944,1686,4956,2503,17,902
2,3,15643,475,3077,3465,1232,-9
1,1,13191,775,11424,746,1510,404
2,2,25988,3598,2475,2380,151,1103
1,3,32263,16330,13172,60415,818,5155
1,1,4410,1606,1427,3494,383,830
1,3,531,888,1653,403,77,511
2,1,16633,1909,3089,7549,-90,1234
1,3,4696,1069,4166,4710,75,322
2,3,9555,1551,4874,3335,-53,808
1,3,11100,14758,26716,1111,9483,979
1,3,22042,2937,1168,1929,-101,2323
2,2,8133,4548,66866,-301,37670,783
1,3,17309,1414,3229,12045,818,3972
2,3,27231,6966,10939,1514,4260,2288
2,3,13567,1108,927,247,-257,375
1,3,9243,1239,2503,8062,334,760
1,3,410,740,7428,16008,422,957
2,3,2857,1428,5572,9824,813,2182
2,1,10,3654,9299,17,6900,1000
1,3,2250,5693,11168,697,5092,2088
1,3,-7,5496,5661,87,4333,1066
2,3,1796,7071,26423,1563,15576,144
1,3,3503,1632,2223,2694,677,839
1,3,1044,2448,8181,248,3689,149
2,3,3258,7426,16028,3180,7087,1602
1,3,27280,7084,12211,2709,4521,922
2,2,3530,2482,2130,1443,1286,767
2,3,6423,15083,20963,2447,12660,887
1,3,3077,655,1553,1352,-271,551
1,3,981,9815,22065,1512,12409,2908
1,3,269,767,1194,491,-249,-144
2,3,-209,5938,20877,-98,8356,785
2,3,13754,7108,2263,6101,1048,2056
2,3,383,920,2205,438,377,320
1,3,22337,-215,-131,2808,-340,199
2,3,46,1284,22281,146,6756,119
1,2,887,18792,1788,6242,664,4228
1,3,1035,6117,2348,579,471,1015
2,3,19954,3080,2214,2809,676,711
1,3,4422,295,552,894,-153,93
2,2,2261,1741,2593,700,319,852
2,3,4937,1307,4748,501,1645,624
2,3,2650,908,1559,1138,549,503
2,3,4990,6426,8323,1917,4813,3403
2,3,9933,2589,2036,1545,594,819
2,3,3210,627,267,1190,-15,75
2,3,22666,1527,2737,2377,432,889
2,3,6445,571,917,1323,275,530
1,3,39487,3752,4763,1172,331,2043
1,1,20059,1841,1893,8118,670,744
2,1,3996,3913,1753,988,509,4941
1,3,15001,6182,7323,1429,1841,3038
1,3,6600,2518,1930,1754,573,948
2,3,5693,1302,1014,449,328,-78
2,1,3585,9079,14035,6090,5115,1875
2,3,38686,3047,2541,927,-11,1135
2,3,2771,2840,1448,-172,-386,660
1,3,3985,5101,10328,67,750,116
2,1,28519,1206,2408,4143,862,532
2,1,18259,5080,2106,10416,735,1021
2,3,34064,7045,8079,2150,1321,2503
1,2,1880,1423,3509,4065,456,420
1,2,10354,21529,15071,3306,-47,4791
2,3,11170,457,1149,2118,-273,603
1,2,1534,3948,3185,2273,681,1295
2,3,20636,1634,1291,1678,-51,679
1,3,9907,970,1294,1799,322,528
2,3,9880,2025,1917,3514,722,1179
2,3,3686,1515,1662,5836,645,1334
1,3,2783,2897,2449,1043,231,1963
2,3,903,4565,3985,1044,507,1039
2,3,23154,6252,3364,8142,-93,341
1,3,11903,391,2730,924,-325,-22
1,3,9503,1217,1164,2822,742,191
1,1,4324,11800,9154,2453,3187,2022
2,2,11502,1633,1395,6805,31,710
2,3,11450,1040,590,5398,82,255
2,1,9959,924,1282,1948,816,722
2,3,4708,1168,1500,3838,415,1276
1,3,26780,2414,1741,12836,-295,1515
2,3,26221,4435,4773,-98,-308,22
2,3,25747,11147,4745,268,773,429
2,2,17695,4235,3066,3946,536,337
2,1,7126,1288,1409,2311,835,620
1,3,24934,4878,4894,9674,960,828
2,3,7332,12814,18653,2824,7853,523
2,3,8547,4170,6697,1936,3020,634
2,3,8285,3211,5677,1926,1700,4714
2,1,6713,2176,4643,1469,1940,1972
1,1,2313,3476,3468,1722,422,4552
2,3,173,3681,12476,174,3046,138
2,3,5425,5301,7075,18308,1354,2877
1,1,5743,1764,3191,5453,909,64
2,2,7947,6151,8657,1796,3645,1979
1,2,3945,10496,10464,404,6284,549
2,3,4833,5267,10823,132,3253,831
1,1,879,8713,18841,352,6959,995
2,3,8369,3291,1731,141,1088,1029
2,3,4166,4976,12937,-265,6528,1103
1,3,17231,5015,9221,1199,3583,1952
2,3,26581,1558,4353,1011,1129,1399
2,2,17755,3876,4847,1249,1993,858
2,3,16946,2850,12198,840,3179,215
1,3,11164,2329,2514,15269,29,1807
2,3,13234,9447,14416,3241,5179,1994
1,3,31244,16919,5661,15314,671,1395
2,3,2904,5827,4767,2055,707,174
2,2,8709,1852,3682,149,186,2603
1,3,2757,3890,16143,235,-99,1740
2,3,8631,5604,5258,13584,1475,1596
1,3,21614,1659,5251,766,1825,892
2,1,1939,3175,1450,1498,313,1406
1,3,17108,4299,8371,1065,2748,1215
2,3,29459,11807,15783,12891,-62,1960
2,3,39507,1710,1043,4789,372,2625
1,3,14844,15801,30556,750,15154,2180
1,3,10362,2053,2304,1110,240,2197
2,3,3279,2190,3002,557,969,544
